text,label
The team won the football match yesterday.,sports
The player scored two goals in the final.,sports
Basketball training improves speed and coordination.,sports
The coach prepared the athletes for the competition.,sports
The striker scored a decisive goal.,sports
The tennis player won the championship.,sports
The football team trained hard before the match.,sports
The referee stopped the game after a foul.,sports
Fans celebrated the victory of their team.,sports
The athlete broke the national record.,sports
The match ended with an exciting penalty shootout.,sports
The goalkeeper saved an important shot.,sports
The team improved their defense this season.,sports
The coach analysed the match strategy.,sports
The players warmed up before the game.,sports
The stadium was full of enthusiastic fans.,sports
The runner finished the marathon quickly.,sports
The team practiced passing and shooting.,sports
The championship final attracted many spectators.,sports
The athlete trained every day to improve performance.,sports
The competition was very intense this year.,sports
The captain motivated the team before the match.,sports
The referee blew the whistle to start the game.,sports
The crowd applauded the winning team.,sports
The team celebrated their victory together.,sports
The new smartphone uses an advanced processor.,technology
Artificial intelligence is changing many industries.,technology
The software update improved the system performance.,technology
Cybersecurity protects computers from online attacks.,technology
The company developed a new mobile application.,technology
Cloud computing allows data storage online.,technology
Machine learning helps computers learn from data.,technology
The engineer fixed the network problem.,technology
The laptop battery lasts for many hours.,technology
The company released a new version of the software.,technology
The programmer wrote code to solve the problem.,technology
The database stores large amounts of information.,technology
The internet connects millions of devices.,technology
The system administrator updated the servers.,technology
Robotics is used in modern industries.,technology
Data science helps analyse large datasets.,technology
The website loads quickly on modern browsers.,technology
The processor speed improved the computer performance.,technology
The startup built an innovative digital platform.,technology
The application allows users to manage their files.,technology
The network infrastructure supports high traffic.,technology
The developer tested the new software feature.,technology
The artificial intelligence model predicts user behaviour.,technology
The device connects to the internet via Wi-Fi.,technology
The engineer designed a new computer chip.,technology
A balanced diet is important for good health.,health
The doctor recommended regular exercise and rest.,health
Drinking water helps the body stay hydrated.,health
Vaccination prevents many serious diseases.,health
Regular exercise improves heart health.,health
The patient visited the doctor for a checkup.,health
Healthy food provides important nutrients.,health
The hospital treated many patients today.,health
The nurse monitored the patient condition.,health
The medicine helps reduce pain.,health
Doctors advise people to sleep well.,health
Eating vegetables improves overall health.,health
Physical activity strengthens the body.,health
The clinic offers preventive health services.,health
The treatment helped the patient recover.,health
The doctor checked the patient blood pressure.,health
The patient followed the medical advice.,health
Good nutrition supports the immune system.,health
The hospital provides emergency care.,health
The therapy helped improve mental health.,health
The doctor explained the treatment plan.,health
Patients should take medicine as prescribed.,health
The nurse assisted the doctor during surgery.,health
Medical research improves healthcare treatments.,health
The patient recovered after the treatment.,health
Students reviewed the lesson before the exam.,education
The teacher explained the grammar rules clearly.,education
Online learning platforms support independent study.,education
Reading regularly improves vocabulary and comprehension.,education
The student completed the homework assignment.,education
The professor gave a lecture on artificial intelligence.,education
The classroom discussion helped students understand the topic.,education
The exam tested the students knowledge.,education
The school library provides many books.,education
The teacher prepared a new lesson plan.,education
Students asked questions during the lecture.,education
The university offers many academic programmes.,education
The student studied mathematics and physics.,education
Education helps people develop critical thinking.,education
The course includes practical laboratory sessions.,education
The teacher evaluated the students projects.,education
The lecture explained an important concept.,education
The class worked together on a group project.,education
The student presented the research results.,education
The university organised a scientific conference.,education
The teacher corrected the exam papers.,education
Students used computers during the class.,education
The lesson focused on language learning.,education
The professor supervised the student research.,education
Education plays an important role in society.,education